{"cameraMode":{"drawMode":0,"name":"Shaded","section":"Shading Mode"},"sceneLighting":true,"audioPlay":false,"sceneViewState":{"m_AlwaysRefresh":false,"showFog":true,"showSkybox":true,"showFlares":true,"showImageEffects":true,"showParticleSystems":true,"showVisualEffectGraphs":true,"m_FxEnabled":true},"in2DMode":false,"pivot":{"x":-8.170557975769043,"y":1.2785348892211915,"z":13.065678596496582},"rotation":{"x":0.013412240892648697,"y":-0.534073531627655,"z":-0.008521707728505135,"w":-0.8454787135124207},"size":5.582338333129883,"orthographic":false}